id,Product Name,TYPE,Description,Employees,Integrations,Key Features,Hosting,Price,URL
1,FlowCRM,crm,"Sales CRM for growing teams with lead management, pipeline automation and reporting.",10-100,"Slack, Gmail;Zapier","lead management | pipeline | automation | analytics",Cloud,$$,https://flowcrm.example.com
2,Flow CRM ,Customer Relationship Management,"CRM built for sales teams. Includes pipeline automation and Slack alerts.",10 to 100,"Slack, Zapier","Pipeline; Automation; Reporting",SaaS,$$,flowcrm.example.com
3,TaskForge,Project Management,"Flexible project management with Kanban boards, Gantt planning and Jira integration.",5-500,Jira / Slack,"Kanban, Gantt, workflow",Cloud,$$,https://taskforge.example.com
4,InsightDeck,Analytics,"Business analytics and dashboards for data teams. Self hosted or cloud deployment.",20+,"Google Drive;Slack","analytics; dashboards; reporting; API",Cloud / Self-hosted,$$$,https://insightdeck.example.com
5,HelpPilot,Helpdesk,"Customer support ticketing, knowledge base and automations for support teams.",5-250,"Slack, Microsoft Teams","tickets; knowledge base; automation",SaaS,$$,https://helppilot.example.com
6,SecureDesk,Security,"Identity-aware security platform with SSO, SAML, Okta integration and audit reporting.",20-5000,"Okta; SAML","permissions; analytics; reporting",Self-hosted,$$$,https://securedesk.example.com
7,BudgetBooks,Finance,"Simple accounting and invoicing for small businesses.",1-50,"QuickBooks; Google Drive","invoicing; reporting",Cloud,$,https://budgetbooks.example.com
8,LaunchOps,DevOps,"Developer operations workspace with GitHub integration, workflow automation and deployment visibility.",10-1000,"GitHub, Slack","workflow; automation; analytics; API",Cloud,$$,https://launchops.example.com
9,PeoplePulse,HR,"People operations platform with employee records, approvals and analytics.",25-2000,"Slack; Google Workspace","approvals; analytics; reporting",Cloud / Hybrid,$$$,https://peoplepulse.example.com
10,CanvasCraft,Design,"Collaborative design workspace with approvals, comments and asset management.",2-300,"Slack, Google Drive","approvals; collaboration",SaaS,$$,https://canvascraft.example.com
11,Flow CRM,Customer Relationship Management,Duplicate variant of the FlowCRM listing.,10 to 100,Slack | Zapier,"Pipeline; Automation",https://flowcrm.example.com,$$,https://flowcrm.example.com/
12,SalesPilot,CRM,"Sales CRM with lead routing, pipeline automation, analytics and Slack alerts.",5-250,"Slack, Google Workspace","lead management; pipeline; automation; analytics",Cloud,$$,https://salespilot.example.com
13,DealFlow CRM,crm,"Pipeline-focused CRM with forecasting, approvals and Slack integration.",10-500,"Slack; Zoom","pipeline; forecasting; approvals; reporting",SaaS,$$$,https://dealflow.example.com
14,GrowthDesk,Customer Relationship Management,"CRM for growing teams with lead management, reporting and API access.",5 to 150,"Slack, Salesforce","lead management; reporting; API; automation",Cloud,$,growthdesk.example.com
15,RevBoard,crm,"Revenue operations CRM with advanced analytics and pipeline visibility.",20-1000,Slack / Jira,"analytics; pipeline; dashboards; API",Hybrid,$$$,https://revboard.example.com
16,TeamTrack,Project Management,"Project workspace with Kanban, workload planning and Jira integration.",3-300,"Jira, Slack","Kanban; workflow; reporting",Cloud,$,https://teamtrack.example.com
17,SprintBoard,project management,"Agile project management for software teams, with Jira and GitHub connections.",5-500,Jira; GitHub,"Kanban; workflow; analytics; automation",Cloud,$$,https://sprintboard.example.com
18,PlanGridly,Project Management,"Gantt and milestone planning for cross-functional teams.",10-2000,"Google Drive; Slack","Gantt; approvals; dashboards",SaaS,$$$,https://plangridly.example.com
19,DataVista,Analytics,"Analytics platform with dashboards, reporting, API access and cloud deployment for growing data teams.",10-1000,"Google Drive, Slack","analytics; dashboards; reporting; API",Cloud,$$,https://datavista.example.com
20,MetricForge,Analytics,"Self-hosted and cloud business intelligence with dashboards and enterprise reporting.",20-5000,"Slack; Google Workspace","analytics; dashboards; reporting; permissions",Self-hosted / Cloud,$$$,https://metricforge.example.com
21,,CRM,This row has no name and must be rejected by the pipeline.,10-50,Slack,analytics,Cloud,$,
22,,CRM,Another nameless row that must be rejected.,1-10,,pipeline,SaaS,$$,https://noname.example.com
23,TalentBoard  ,  human resources,"HR software with hiring workflows, onboarding approvals and Slack.  ",50-500 employees,"Slack; Google Workspace","approvals; analytics; workflow",cloud hosted,$$,https://talentboard.example.com
24,ComplianceHub,security,"Compliance and audit management with SAML SSO and Okta integration for regulated industries.",100-10000,"SAML; Okta; Slack","permissions; reporting; analytics",on premise,$$$,https://compliancehub.example.com
25,GrowthDesk,CRM,Exact duplicate of row 14 should be removed by deduplication.,5-150,"Slack, Salesforce","lead management; reporting",Cloud,$,growthdesk.example.com
26,NoteFlow,Collaboration,"Async note-taking and knowledge management for distributed teams.",1-200,"Google Drive; Slack; Microsoft Teams","collaboration; knowledge base",SaaS,$,https://noteflow.example.com
27,VaultSecure,Security,"Cloud-native secret management and access control with SSO and SAML.",10-5000,"Okta; SAML; GitHub","permissions; analytics; api",Cloud / Self-hosted,$$$,https://vaultsecure.example.com
28,PayrollPro,Finance,"Full-service payroll and expense management with QuickBooks integration.",10-1000,"QuickBooks; Slack","invoicing; reporting; automation",Cloud,$$,https://payrollpro.example.com
29,AgileBoard,project management,"Lightweight sprint planning and backlog tool for small agile teams.",2-50,"Jira; Slack; GitHub","Kanban; workflow; automation",SaaS,$,https://agileboard.example.com
30,PipelineX,CRM,"Enterprise CRM with AI-powered forecasting, pipeline analytics and Salesforce migration tools.",50-100000,"Salesforce; Slack; HubSpot","forecasting; pipeline; analytics; automation; AI",Cloud / Hybrid,$$$$,https://pipelinex.example.com
31,MetricFlow,Analytics,"Business intelligence for mid-market teams with self-hosting, dashboards and reporting.",10-5000,"Slack; Microsoft Teams","analytics; dashboards; reporting; permissions; API",Self-hosted / Cloud,$$,https://metricflow.example.com
32,PeopleCore,human resources,"HR operations platform with approvals, workflows and reporting for distributed companies.",25-3000,"Slack; Microsoft Teams; Google Workspace","approvals; workflow; reporting; analytics",Cloud,$,https://peoplecore.example.com
33,HelpNest,customer support,"Helpdesk workspace with ticketing, knowledge base and automation for lean support teams.",2-500,"Microsoft Teams; Gmail","tickets; knowledge base; automation; chat",SaaS,$,https://helpnest.example.com
34,SupportFlow,Helpdesk,"Customer service platform with ticketing, knowledge base, chat and workflow automation.",5-1000,"Microsoft Teams; Zoom","tickets; knowledge base; chat; automation",Cloud,$$,https://supportflow.example.com
35,DeployPilot,DevOps,"Developer platform with GitHub integration, deployment workflows and automation for engineering teams.",20-2000,"GitHub; Microsoft Teams","workflow; automation; API; analytics",Cloud,$$,https://deploypilot.example.com
36,OpsForge,DevOps,"DevOps workspace for source-control automation, deployment visibility and engineering workflows.",10-1000,"GitHub; Jira","workflow; automation; reporting; API",Hybrid,$,https://opsforge.example.com
37,TeamsCRM,CRM,"Sales CRM built for teams that standardize on Microsoft Teams, with pipeline and lead workflows.",1-250,"Microsoft Teams; Gmail","lead management; pipeline; automation; reporting",Cloud,$,https://teamscrm.example.com
38,FieldSalesCRM,CRM,"Lightweight CRM for field sales teams with Microsoft Teams and mobile lead management.",2-500,"Microsoft Teams; Zoom","lead management; pipeline; mobile; reporting",SaaS,$$,https://fieldsalescrm.example.com
39,ClientDesk,crm,"Customer relationship platform with Microsoft Teams collaboration, pipeline visibility and approvals.",5-1000,"Microsoft Teams; Google Workspace","pipeline; approvals; reporting; collaboration",Cloud,$,https://clientdesk.example.com
